run_time_ist,run_type,scan_date,scanned,live_bars,matches,new_alerts,failed,new_result_rows,duration_seconds,status
2026-09-30 22:48:51,Manual,2026-09-30,2060,2052,0,0,8,0,260.57,PARTIAL
2026-09-30 22:55:13,Manual,2026-09-30,2060,2053,0,0,7,0,189.9,PARTIAL
2026-09-30 23:20:57,Manual,2026-09-30,2060,2053,0,0,7,0,302.22,PARTIAL
2026-10-01 11:04:07,Manual,2026-10-01,2060,2031,0,0,29,0,196.91,PARTIAL
2026-10-01 11:35:50,Manual,2026-10-01,2060,2035,0,0,25,0,256.22,PARTIAL
2026-10-01 15:57:27,Scheduled,2026-10-01,2060,2054,0,0,6,0,295.39,PARTIAL
2026-10-01 19:25:49,Scheduled,2026-10-01,2060,2054,0,0,6,0,315.68,PARTIAL
2026-10-01 22:12:06,Scheduled,2026-10-01,2060,2054,0,0,6,0,232.86,PARTIAL
2026-10-02 15:33:06,Scheduled,2026-10-02,2063,0,0,0,2063,0,179.91,PARTIAL
2026-10-02 18:42:56,Scheduled,2026-10-02,2063,0,0,0,2063,0,255.52,PARTIAL
2026-10-02 21:28:33,Scheduled,2026-10-02,2063,0,0,0,2063,0,155.22,PARTIAL
2026-10-05 16:20:46,Scheduled,2026-10-05,2063,2053,1,1,10,1,251.29,PARTIAL
2026-10-05 20:48:26,Scheduled,2026-10-05,2063,2053,1,0,10,1,408.39,PARTIAL
2026-10-06 00:20:15,Scheduled,2026-10-06,2063,2053,1,0,10,1,368.4,PARTIAL
2026-10-06 16:16:52,Scheduled,2026-10-06,2064,2057,0,0,7,0,367.97,PARTIAL
2026-10-06 19:09:01,Scheduled,2026-10-06,2064,2057,0,0,7,0,348.7,PARTIAL
2026-10-06 21:46:23,Scheduled,2026-10-06,2064,2056,0,0,8,0,259.89,PARTIAL
2026-10-07 16:04:47,Scheduled,2026-10-07,2063,2054,1,1,9,1,337.49,PARTIAL
2026-10-07 19:28:08,Scheduled,2026-10-07,2063,2054,1,0,9,1,214.03,PARTIAL
2026-10-08 16:25:38,Scheduled,2026-10-08,2063,2054,0,0,9,0,373.97,PARTIAL
2026-10-08 19:33:52,Scheduled,2026-10-08,2063,2054,0,0,9,0,360.04,PARTIAL
2026-10-08 22:27:18,Scheduled,2026-10-08,2063,2054,0,0,9,0,374.85,PARTIAL
2026-10-09 16:24:38,Scheduled,2026-10-09,2063,2057,0,0,6,0,290.0,PARTIAL
2026-10-09 19:18:53,Scheduled,2026-10-09,2063,2057,0,0,6,0,309.39,PARTIAL
